[
  {
    "session_id": "653b8bfc-1801-4360-97ed-74a0f40405c5",
    "transcript_path": "/Users/awiley/.claude/projects/-Users-awiley-Code-distance-ladder-systematics/653b8bfc-1801-4360-97ed-74a0f40405c5.jsonl",
    "cwd": "/Users/awiley/Code/distance-ladder-systematics/overleaf_package_v8.6B",
    "permission_mode": "acceptEdits",
    "hook_event_name": "PostToolUse",
    "tool_name": "Bash",
    "tool_input": {
      "command": "cd overleaf_package_v8.6B && find . -type f | wc -l && echo \"---\" && du -sh . && echo \"---\" && ls -lh *.tex *.bib *.cls *.txt 2>/dev/null | awk '{print $5, $9}'",
      "description": "Verify package contents and sizes"
    },
    "tool_response": {
      "stdout": "      28\n---\n5.4M\t.\n---\n11K README.txt\n392K aastex701.cls\n123K manuscript.tex\n18K references.bib",
      "stderr": "",
      "interrupted": false,
      "isImage": false
    }
  },
  {
    "session_id": "653b8bfc-1801-4360-97ed-74a0f40405c5",
    "transcript_path": "/Users/awiley/.claude/projects/-Users-awiley-Code-distance-ladder-systematics/653b8bfc-1801-4360-97ed-74a0f40405c5.jsonl",
    "cwd": "/Users/awiley/Code/distance-ladder-systematics/overleaf_package_v8.6B",
    "permission_mode": "acceptEdits",
    "hook_event_name": "PostToolUse",
    "tool_name": "Bash",
    "tool_input": {
      "command": "ls -la | grep overleaf",
      "description": "Check for overleaf directories"
    },
    "tool_response": {
      "stdout": "",
      "stderr": "",
      "interrupted": false,
      "isImage": false,
      "returnCodeInterpretation": "No matches found"
    }
  },
  {
    "session_id": "653b8bfc-1801-4360-97ed-74a0f40405c5",
    "transcript_path": "/Users/awiley/.claude/projects/-Users-awiley-Code-distance-ladder-systematics/653b8bfc-1801-4360-97ed-74a0f40405c5.jsonl",
    "cwd": "/Users/awiley/Code/distance-ladder-systematics/overleaf_package_v8.6B",
    "permission_mode": "acceptEdits",
    "hook_event_name": "PostToolUse",
    "tool_name": "Bash",
    "tool_input": {
      "command": "pwd && ls -d overleaf* 2>/dev/null || echo \"No overleaf directories found in current dir\"",
      "description": "Check current directory and overleaf dirs"
    },
    "tool_response": {
      "stdout": "/Users/awiley/Code/distance-ladder-systematics/overleaf_package_v8.6B\nNo overleaf directories found in current dir\n(eval):1: no matches found: overleaf*",
      "stderr": "",
      "interrupted": false,
      "isImage": false
    }
  },
  {
    "session_id": "653b8bfc-1801-4360-97ed-74a0f40405c5",
    "transcript_path": "/Users/awiley/.claude/projects/-Users-awiley-Code-distance-ladder-systematics/653b8bfc-1801-4360-97ed-74a0f40405c5.jsonl",
    "cwd": "/Users/awiley/Code/distance-ladder-systematics/overleaf_package_v8.6B",
    "permission_mode": "acceptEdits",
    "hook_event_name": "PostToolUse",
    "tool_name": "Bash",
    "tool_input": {
      "command": "ls -lh /Users/awiley/Code/distance-ladder-systematics/overleaf_package_v8.6B/",
      "description": "List package directory contents"
    },
    "tool_response": {
      "stdout": "total 1096\n-rw-r--r--@  1 awiley  staff    11K Nov 13 16:56 README.txt\n-rw-r--r--@  1 awiley  staff   392K Nov 13 16:55 aastex701.cls\ndrwxr-xr-x@ 18 awiley  staff   576B Nov 13 16:55 figures\ndrwxr-xr-x@  3 awiley  staff    96B Nov 13 16:56 logs\n-rw-r--r--@  1 awiley  staff   123K Nov 13 16:55 manuscript.tex\n-rw-r--r--@  1 awiley  staff    18K Nov 13 16:55 references.bib\ndrwxr-xr-x@ 10 awiley  staff   320B Nov 13 16:55 tables",
      "stderr": "",
      "interrupted": false,
      "isImage": false
    }
  },
  {
    "session_id": "653b8bfc-1801-4360-97ed-74a0f40405c5",
    "transcript_path": "/Users/awiley/.claude/projects/-Users-awiley-Code-distance-ladder-systematics/653b8bfc-1801-4360-97ed-74a0f40405c5.jsonl",
    "cwd": "/Users/awiley/Code/distance-ladder-systematics/overleaf_package_v8.6B",
    "permission_mode": "acceptEdits",
    "hook_event_name": "PostToolUse",
    "tool_name": "Bash",
    "tool_input": {
      "command": "echo \"Tables (8 files):\" && ls /Users/awiley/Code/distance-ladder-systematics/overleaf_package_v8.6B/tables/ && echo -e \"\\nFigures (16 files):\" && ls /Users/awiley/Code/distance-ladder-systematics/overleaf_package_v8.6B/figures/ | wc -l",
      "description": "Count tables and figures"
    },
    "tool_response": {
      "stdout": "Tables (8 files):\ntable1_systematic_budget.tex\ntable2_tension_evolution.tex\ntable3_h0_compilation.tex\ntable4_cchp_crossval.tex\ntable5_jwst_crossvalidation.tex\ntable6_cosmic_chronometers.tex\ntable_anchor_weights.tex\ntable_correlation_matrix.tex\n\nFigures (16 files):\n      16",
      "stderr": "",
      "interrupted": false,
      "isImage": false
    }
  },
  {
    "session_id": "653b8bfc-1801-4360-97ed-74a0f40405c5",
    "transcript_path": "/Users/awiley/.claude/projects/-Users-awiley-Code-distance-ladder-systematics/653b8bfc-1801-4360-97ed-74a0f40405c5.jsonl",
    "cwd": "/Users/awiley/Code/distance-ladder-systematics/overleaf_package_v8.6B",
    "permission_mode": "acceptEdits",
    "hook_event_name": "PostToolUse",
    "tool_name": "Bash",
    "tool_input": {
      "command": "cd overleaf_package_v8.6B && find . -name \"*.tex\" -o -name \"*.bib\" -o -name \"*.cls\" -o -name \"*.txt\" -o -name \"*.png\" -o -name \"*.pdf\" | grep -v \"^\\./logs/\" | wc -l",
      "description": "Count files for packaging (excluding logs)"
    },
    "tool_response": {
      "stdout": "      28",
      "stderr": "",
      "interrupted": false,
      "isImage": false
    }
  },
  {
    "session_id": "653b8bfc-1801-4360-97ed-74a0f40405c5",
    "transcript_path": "/Users/awiley/.claude/projects/-Users-awiley-Code-distance-ladder-systematics/653b8bfc-1801-4360-97ed-74a0f40405c5.jsonl",
    "cwd": "/Users/awiley/Code/distance-ladder-systematics/overleaf_package_v8.6B",
    "permission_mode": "acceptEdits",
    "hook_event_name": "PostToolUse",
    "tool_name": "Bash",
    "tool_input": {
      "command": "cd /Users/awiley/Code/distance-ladder-systematics/overleaf_package_v8.6B && grep -n \"Cosmic chronometers H(z):\" manuscript.tex | head -1",
      "description": "Find line number for first cosmic chronometers bullet"
    },
    "tool_response": {
      "stdout": "123:\\item \\textbf{Cosmic chronometers H(z):} H$_0 = 68.33 \\pm 1.57$ km~s$^{-1}$~Mpc$^{-1}$ (this work)",
      "stderr": "",
      "interrupted": false,
      "isImage": false
    }
  },
  {
    "session_id": "653b8bfc-1801-4360-97ed-74a0f40405c5",
    "transcript_path": "/Users/awiley/.claude/projects/-Users-awiley-Code-distance-ladder-systematics/653b8bfc-1801-4360-97ed-74a0f40405c5.jsonl",
    "cwd": "/Users/awiley/Code/distance-ladder-systematics/overleaf_package_v8.6B",
    "permission_mode": "acceptEdits",
    "hook_event_name": "PostToolUse",
    "tool_name": "Bash",
    "tool_input": {
      "command": "grep -n \"Cosmic chronometers (H(z)):\" manuscript.tex",
      "description": "Find cosmic chronometers convergence list line"
    },
    "tool_response": {
      "stdout": "475:\\item \\textbf{Cosmic chronometers (H(z)):} H$_0 = 68.33 \\pm 1.57$ km~s$^{-1}$~Mpc$^{-1}$ (this work)",
      "stderr": "",
      "interrupted": false,
      "isImage": false
    }
  },
  {
    "session_id": "653b8bfc-1801-4360-97ed-74a0f40405c5",
    "transcript_path": "/Users/awiley/.claude/projects/-Users-awiley-Code-distance-ladder-systematics/653b8bfc-1801-4360-97ed-74a0f40405c5.jsonl",
    "cwd": "/Users/awiley/Code/distance-ladder-systematics/overleaf_package_v8.6B",
    "permission_mode": "acceptEdits",
    "hook_event_name": "PostToolUse",
    "tool_name": "Bash",
    "tool_input": {
      "command": "cp manuscript.tex manuscript.tex.backup",
      "description": "Backup Overleaf manuscript before batch edits"
    },
    "tool_response": {
      "stdout": "",
      "stderr": "",
      "interrupted": false,
      "isImage": false
    }
  }
]