[
  {
    "session_id": "653b8bfc-1801-4360-97ed-74a0f40405c5",
    "transcript_path": "/Users/awiley/.claude/projects/-Users-awiley-Code-distance-ladder-systematics/653b8bfc-1801-4360-97ed-74a0f40405c5.jsonl",
    "cwd": "/Users/awiley/Code/distance-ladder-systematics/overleaf_package_v8.6B",
    "permission_mode": "acceptEdits",
    "hook_event_name": "PreToolUse",
    "tool_name": "Bash",
    "tool_input": {
      "command": "cd overleaf_package_v8.6B && echo \"Tables:\" && ls tables/ && echo -e \"\\nFigures:\" && ls figures/ | head -15",
      "description": "List tables and figures"
    }
  },
  {
    "session_id": "653b8bfc-1801-4360-97ed-74a0f40405c5",
    "transcript_path": "/Users/awiley/.claude/projects/-Users-awiley-Code-distance-ladder-systematics/653b8bfc-1801-4360-97ed-74a0f40405c5.jsonl",
    "cwd": "/Users/awiley/Code/distance-ladder-systematics/overleaf_package_v8.6B",
    "permission_mode": "acceptEdits",
    "hook_event_name": "PreToolUse",
    "tool_name": "Bash",
    "tool_input": {
      "command": "echo \"Tables:\" && ls overleaf_package_v8.6B/tables/ && echo -e \"\\nFigures:\" && ls overleaf_package_v8.6B/figures/ | head -12",
      "description": "List package subdirectories"
    }
  },
  {
    "session_id": "653b8bfc-1801-4360-97ed-74a0f40405c5",
    "transcript_path": "/Users/awiley/.claude/projects/-Users-awiley-Code-distance-ladder-systematics/653b8bfc-1801-4360-97ed-74a0f40405c5.jsonl",
    "cwd": "/Users/awiley/Code/distance-ladder-systematics/overleaf_package_v8.6B",
    "permission_mode": "acceptEdits",
    "hook_event_name": "PreToolUse",
    "tool_name": "Bash",
    "tool_input": {
      "command": "ls -la | grep overleaf",
      "description": "Check for overleaf directories"
    }
  },
  {
    "session_id": "653b8bfc-1801-4360-97ed-74a0f40405c5",
    "transcript_path": "/Users/awiley/.claude/projects/-Users-awiley-Code-distance-ladder-systematics/653b8bfc-1801-4360-97ed-74a0f40405c5.jsonl",
    "cwd": "/Users/awiley/Code/distance-ladder-systematics/overleaf_package_v8.6B",
    "permission_mode": "acceptEdits",
    "hook_event_name": "PreToolUse",
    "tool_name": "Bash",
    "tool_input": {
      "command": "pwd && ls -d overleaf* 2>/dev/null || echo \"No overleaf directories found in current dir\"",
      "description": "Check current directory and overleaf dirs"
    }
  },
  {
    "session_id": "653b8bfc-1801-4360-97ed-74a0f40405c5",
    "transcript_path": "/Users/awiley/.claude/projects/-Users-awiley-Code-distance-ladder-systematics/653b8bfc-1801-4360-97ed-74a0f40405c5.jsonl",
    "cwd": "/Users/awiley/Code/distance-ladder-systematics/overleaf_package_v8.6B",
    "permission_mode": "acceptEdits",
    "hook_event_name": "PreToolUse",
    "tool_name": "Bash",
    "tool_input": {
      "command": "ls -lh /Users/awiley/Code/distance-ladder-systematics/overleaf_package_v8.6B/",
      "description": "List package directory contents"
    }
  },
  {
    "session_id": "653b8bfc-1801-4360-97ed-74a0f40405c5",
    "transcript_path": "/Users/awiley/.claude/projects/-Users-awiley-Code-distance-ladder-systematics/653b8bfc-1801-4360-97ed-74a0f40405c5.jsonl",
    "cwd": "/Users/awiley/Code/distance-ladder-systematics/overleaf_package_v8.6B",
    "permission_mode": "acceptEdits",
    "hook_event_name": "PreToolUse",
    "tool_name": "Bash",
    "tool_input": {
      "command": "echo \"Tables (8 files):\" && ls /Users/awiley/Code/distance-ladder-systematics/overleaf_package_v8.6B/tables/ && echo -e \"\\nFigures (16 files):\" && ls /Users/awiley/Code/distance-ladder-systematics/overleaf_package_v8.6B/figures/ | wc -l",
      "description": "Count tables and figures"
    }
  },
  {
    "session_id": "653b8bfc-1801-4360-97ed-74a0f40405c5",
    "transcript_path": "/Users/awiley/.claude/projects/-Users-awiley-Code-distance-ladder-systematics/653b8bfc-1801-4360-97ed-74a0f40405c5.jsonl",
    "cwd": "/Users/awiley/Code/distance-ladder-systematics/overleaf_package_v8.6B",
    "permission_mode": "acceptEdits",
    "hook_event_name": "PreToolUse",
    "tool_name": "Bash",
    "tool_input": {
      "command": "cd /Users/awiley/Code/distance-ladder-systematics && zip -r manuscript_overleaf_v8.6B.zip overleaf_package_v8.6B -x \"overleaf_package_v8.6B/logs/*\" \"*.DS_Store\" && ls -lh manuscript_overleaf_v8.6B.zip",
      "description": "Create ZIP package excluding logs"
    }
  },
  {
    "session_id": "653b8bfc-1801-4360-97ed-74a0f40405c5",
    "transcript_path": "/Users/awiley/.claude/projects/-Users-awiley-Code-distance-ladder-systematics/653b8bfc-1801-4360-97ed-74a0f40405c5.jsonl",
    "cwd": "/Users/awiley/Code/distance-ladder-systematics/overleaf_package_v8.6B",
    "permission_mode": "acceptEdits",
    "hook_event_name": "PreToolUse",
    "tool_name": "Bash",
    "tool_input": {
      "command": "cd overleaf_package_v8.6B && zip -r ../manuscript_overleaf_v8.6C.zip . -x \"logs/*\" -x \".*\" && ls -lh ../manuscript_overleaf_v8.6C.zip",
      "description": "Create updated Overleaf package ZIP (v8.6C) excluding logs"
    }
  },
  {
    "session_id": "653b8bfc-1801-4360-97ed-74a0f40405c5",
    "transcript_path": "/Users/awiley/.claude/projects/-Users-awiley-Code-distance-ladder-systematics/653b8bfc-1801-4360-97ed-74a0f40405c5.jsonl",
    "cwd": "/Users/awiley/Code/distance-ladder-systematics/overleaf_package_v8.6B",
    "permission_mode": "acceptEdits",
    "hook_event_name": "PreToolUse",
    "tool_name": "Bash",
    "tool_input": {
      "command": "cd /Users/awiley/Code/distance-ladder-systematics && zip -r manuscript_overleaf_v8.6C.zip overleaf_package_v8.6B -x \"overleaf_package_v8.6B/logs/*\" -x \"*/.*\" && ls -lh manuscript_overleaf_v8.6C.zip",
      "description": "Create updated Overleaf package ZIP v8.6C"
    }
  },
  {
    "session_id": "653b8bfc-1801-4360-97ed-74a0f40405c5",
    "transcript_path": "/Users/awiley/.claude/projects/-Users-awiley-Code-distance-ladder-systematics/653b8bfc-1801-4360-97ed-74a0f40405c5.jsonl",
    "cwd": "/Users/awiley/Code/distance-ladder-systematics/overleaf_package_v8.6B",
    "permission_mode": "acceptEdits",
    "hook_event_name": "PreToolUse",
    "tool_name": "Bash",
    "tool_input": {
      "command": "grep -n \"Cosmic chronometers (H(z)):\" manuscript.tex",
      "description": "Find cosmic chronometers convergence list line"
    }
  },
  {
    "session_id": "653b8bfc-1801-4360-97ed-74a0f40405c5",
    "transcript_path": "/Users/awiley/.claude/projects/-Users-awiley-Code-distance-ladder-systematics/653b8bfc-1801-4360-97ed-74a0f40405c5.jsonl",
    "cwd": "/Users/awiley/Code/distance-ladder-systematics/overleaf_package_v8.6B",
    "permission_mode": "acceptEdits",
    "hook_event_name": "PreToolUse",
    "tool_name": "Bash",
    "tool_input": {
      "command": "cp manuscript.tex manuscript.tex.backup",
      "description": "Backup Overleaf manuscript before batch edits"
    }
  },
  {
    "session_id": "653b8bfc-1801-4360-97ed-74a0f40405c5",
    "transcript_path": "/Users/awiley/.claude/projects/-Users-awiley-Code-distance-ladder-systematics/653b8bfc-1801-4360-97ed-74a0f40405c5.jsonl",
    "cwd": "/Users/awiley/Code/distance-ladder-systematics/overleaf_package_v8.6B",
    "permission_mode": "acceptEdits",
    "hook_event_name": "PreToolUse",
    "tool_name": "Bash",
    "tool_input": {
      "command": "cd /Users/awiley/Code/distance-ladder-systematics && cp manuscript/manuscript.tex overleaf_package_v8.6B/manuscript.tex",
      "description": "Copy updated repository manuscript to Overleaf package"
    }
  }
]